"","goodsname","goodsprice"
"1","웅진)장쾌삼발효홍삼력세트[D2]","39000"
"2","해태)후렌치파이딸기3800","3800"
"3","유어스(P)버터커피250ML","2500"
"4","한치한쌍(냉장)","9900"
"5","삭힌홍어회(많이삭힌맛)(냉장)","6900"
"6","삭힌홍어회(보통삭힌맛)(냉장)","6900"
"7","고품격)안창살구이300G(냉동)","9900"
"8","고품격)토시살구이300G(냉동)","9900"
"9","고품격)허브항정살300G(냉동)","9900"
"10","맛진미채90G(냉장)","5900"
"11","도톰한오징어25G","3500"
"12","대구노가리30G","3500"
"13","삼양)불닭맛장200G","5000"
"14","썬스위트)노랑옥수수","2300"
"15","삼양)로제불닭납작당면169G","3500"
"16","삼양)로제불닭떡볶이183G","3500"
"17","하림)불닭오돌뼈150G","7500"
"18","돌)건망고(80G/봉)","4500"
"19","돌)람부탄198G","2500"
"20","돌)망고컵198G","2500"
"21","돌)배컵198G","2500"
"22","돌)복숭아컵198G","2500"
"23","돌)사과컵198G","2500"
"24","돌)파인애플컵198G","2500"
"25","세부건망고(40G)","2500"
"26","빙그레)더단백드링크초코250ML","2500"
"27","유어스(P)설목장유기농요거트","2400"
"28","롯데)함소아자일리톨캔디2000","2000"
"29","롯데)말랑이유산균요거트맛3000","3000"
"30","롯데)말랑이유산균포도맛3000","3000"
"31","멜팅카라멜와플(2입)","2400"
"32","롯데)카스타드3000","3000"
"33","롯데)ABC초코쿠키(쿠앤크)43G","1000"
"34","롯데)ABC초코쿠키1000","1000"
"35","롯데)ABC초코쿠키민트43G","1000"
"36","브레디크)순우유스틱빵","1700"
"37","브레디크)식빵25","1500"
"38","브레디크)치즈스틱빵","1700"
"39","오리온)제주용암수530ML","1000"
"40","팜트리)궁중발효홍삼세트10입[D2","22000"
"41","광동)비타민500콜라겐100ML","1000"
"42","정식품)고칼슘베지밀A팩190ML","1000"
"43","정식품)고칼슘베지밀B팩190ML","1000"
"44","정식품)베지밀검은콩팩190ML","1000"
"45","정식품)검은참깨두유팩190ML","1000"
"46","정식품)한끼두유팩190ML","1000"
"47","하림)카카오무지핫도그130G","2500"
"48","심플리쿡)반반연탄불고기","6900"
"49","심플리쿡)연탄불닭목살구이","7900"
"50","심플리쿡)감바스170G","6900"
"51","심플리쿡)쭈꾸미삼겹살190G","7900"
"52","심플리쿡)매콤로제돼지찜210G","6900"
"53","심플리쿡)치킨스테이크230G","5900"
"54","심플리쿡)통목살스테이크180G","5900"
"55","머거본)믹스너트55G","2000"
"56","生고구마말랭이60G","2800"
"57","유어스(P)모찌롤(Kiri크림치즈)","3500"
"58","유어스(P)모찌롤(메론)","3500"
"59","유어스(P)모찌롤(요거트피치)","3500"
"60","유어스(P)진심마카롱(3입)","3500"
"61","유어스(P)크래프트마카롱(3입)","3600"
"62","유어스)모찌롤(초코)","3200"
"63","유어스)모찌롤(플레인)","3000"
"64","유어스)허쉬쿠앤크모찌롤","3500"
"65","매일)아몬드브리즈식이섬유190ML","1200"
"66","매일)아몬드브리즈초코190ML","1200"
"67","매일)아몬드브리즈프로틴190ML","1200"
"68","OKF)요구르트스파클링500ML","1800"
"69","OKF)워터멜론500ML","2000"
"70","정화)시네마오땅70G","5000"
"71","아이배냇)핑거요거트(딸기)","4500"
"72","아이배냇)핑거요거트(플레인)","4500"
"73","유어스)보솜이물티슈60매(캡형)","5700"
"74","콜게이트)치약스페셜팩","4900"
"75","뷰센)뉴28치아미백제","11000"
"76","메디던트프라그치솔","2500"
"77","이디야)비니스트미니오리지널","2700"
"78","이디야)비니스트스페셜10입","2700"
"79","모구모구)딸기320ML","1500"
"80","모구모구)리치320ML","1500"
"81","모구모구)복숭아320ML","1500"
"82","모구모구)요구르트320ML","1500"
"83","롯데)후라보노1000","1000"
"84","롯데)후라보노마일드1000","1000"
"85","롯데)후라보노아이스1000","1000"
"86","팜트리)궁중발효홍삼100ML","2200"
"87","GS)샤인머스캣향스파클링350ML","1200"
"88","진로)토닉워터제로300ML","1400"
"89","하이트)블랙보리520ML","1600"
"90","하이트)블랙보리라이트520ML","1500"
"91","정식품)국산검은콩두유병190ML","1600"
"92","정식품)베지밀A병190ML","1400"
"93","활황)우유스파클링350ML","1500"
"94","해광)달고나라떼275ML","2500"
"95","티블링)레몬그라스진저500ML","2500"
"96","티블링)캐모마일피치500ML","2500"
"97","영진)구론산바몬드오리지날150ML","1000"
"98","해태)강원평창수2.0L","1500"
"99","해태)평창수프리미엄500ML","950"
"100","해태)복숭아봉봉340ML","1200"
"101","해태)코코팜포도340ML","1200"
"102","해태)포도봉봉340ML","1200"
"103","글라소)에너지500ML","2000"
"104","글라소)파워씨500ML","2000"
"105","조지아)고티카빈티지라떼270ML","2200"
"106","조지아)고티카빈티지블랙270ML","2200"
"107","조지아)고티카스위트아메270ML","2200"
"108","코카)흑당밀크티270ML","2200"
"109","조지아)맥스커피240ML","1100"
"110","조지아)카페라떼240ML","1100"
"111","코카)태양의마테차500ML","1400"
"112","코카)환타파인애플슬림캔250ML","1200"
"113","코카콜라제로캔355ML","1900"
"114","종근당)속청쿨75ML","1000"
"115","유동커피)제주녹차500ML","2000"
"116","유동커피)브루잉커피500ML","2500"
"117","일화)천연사이다350ML","1200"
"118","일화)맥콜250ML","1300"
"119","동아)모닝케어D100ML","5000"
"120","동아)모닝케어H100ML","5000"
"121","동아)모닝케어S100ML","5000"
"122","유어스)진심가득수박330ML","1800"
"123","유어스)하늘가득사과330ML","1800"
"124","유어스)하늘가득유자레몬330ML","1800"
"125","유어스)하늘가득자몽330ML","1800"
"126","한독)레디큐120ML","5000"
"127","농심)웰치스포도탄산355ML","1100"
"128","농심)백산수500ML","950"
"129","농심)백산수2L","1700"
"130","HK)헛개수1L","2500"
"131","HK)헛개수500ML","2000"
"132","HK)헛개수340ML","1500"
"133","HK)컨디션100ML","5000"
"134","HK)컨디션레이디100ML","5000"
"135","현대)미에로화이바350ML","1800"
"136","서울)아침에주스사과350ML","2200"
"137","서울)아침에주스포도350ML","2200"
"138","삼립)파스쿠찌클래식라떼275ML","2700"
"139","삼립)파스쿠찌골든삭아메275ML","2400"
"140","링티)제로복숭아맛500ML","2900"
"141","매일)바리스타그란데(라떼)475ML","2500"
"142","매일)바리스타그란데(아메)475ML","2500"
"143","남양)십칠차340ML","1200"
"144","남양)십칠차500ML","1500"
"145","레드불)에너지드링크250ML","2200"
"146","레드불)화이트에디션250ML","2200"
"147","동서)콜롬비아나블랙240ML","1200"
"148","동서)콜롬비아나아메리카노240ML","1200"
"149","동서)콜롬비아나카페라떼240ML","1200"
"150","맥심)TOP스모키라떼275ML","2400"
"151","맥심)TOP스모키블랙275ML","2400"
"152","맥심)TOP더블랙275ML","2200"
"153","맥심)TOP마스터라떼275ML","2200"
"154","맥심)TOP스위트아메리카노275ML","2200"
"155","롯데)핫식스250ML","1500"
"156","롯데)핫식스팬시캔디250ML","1500"
"157","롯데)레몬비타1000 140ML","1000"
"158","롯데)아이시스8.0(2.0L)","1700"
"159","롯데)아이시스8.0(500ML)","950"
"160","롯데)아이시스에코2L-PLU판매","1600"
"161","롯데)아이시스에코500ML-PLU판매","900"
"162","칸타타)콘트라베이스라떼PET500","2500"
"163","칸타타)콘트라베이스블랙PET500","2500"
"164","칸타타)콘트라베이스스윗PET500","2500"
"165","칸타타)땅콩크림라떼275ML","2200"
"166","칸타타)아메리카노275ML(NB캔)","2200"
"167","칸타타)콜드브루블랙275ML(NB캔)","2200"
"168","칸타타)프리미엄라떼275ML(NB캔)","2200"
"169","롯데)칠성사이다캔355ML","1700"
"170","동원)보성홍차아이스티레몬500","2200"
"171","동원)보성홍차아이스티복숭아500","2200"
"172","동원)양반오미자차500ML","2200"
"173","유어스(P)지리산하동녹차500ML","2000"
"174","동원)보성녹차PET350ML","1200"
"175","OKF)밀키비해피500ML","1800"
"176","OKF)알로에베라킹500ML","2000"
"177","CJ)한뿌리마","2500"
"178","CJ)홍삼한뿌리","5000"
"179","CJ)인삼한뿌리","4000"
"180","에이플)프로틴스파클링레몬라임","2000"
"181","이디야)퓨레어레몬500ML","1700"
"182","이디야)퓨레어자몽500ML","1700"
"183","동아)오로나민C120ML","1200"
"184","광동)헛개파워100ML","5000"
"185","광동)흑미차500ML","2000"
"186","광동)우엉차500ML","1600"
"187","광동)헛개파워찐한포15ML","2500"
"188","광동)진한헛개차500ML","1800"
"189","광동)옥수수수염차이너브이500ML","2000"
"190","광동)비타500 180ML","1300"
"191","웅진)아침햇살340ML","1500"
"192","웅진)자연은토마토340ML","1500"
"193","웅진)초록매실340ML","1500"
"194","유어스)샤인머스캣500ML","1900"
"195","웅진)티즐유자그린티500ML","2000"
"196","웅진)티즐피치우롱티500ML","2000"
"197","유어스)웅진팥차500ML","1500"
"198","웅진)하늘보리PET500ML","1500"
"199","롯데)흑미숭늉차까늉500ML","1500"
"200","진마이랑)중경식마라탕면(대컵)","2000"
"201","삼양)삼양비빔면(봉지)","1050"
"202","삼양)열무비빔면","1000"
"203","농심)오징어짬뽕(봉지)","1050"
"204","농심)배홍동비빔면(봉지)","1050"
"205","농심)무파마탕면(봉지)","1250"
"206","농심)사천짜파게티(봉지)","1250"
"207","농심)둥지물냉면","1800"
"208","농심)둥지비빔냉면","1800"
"209","삼양)간짬뽕(대컵)","1350"
"210","삼양)불닭볶음면(대컵)","1500"
"211","삼양)치즈불닭볶음면(대컵)","1500"
"212","농심)너구리소컵","1000"
"213","농심)오징어짬뽕소컵","1000"
"214","농심)튀김우동소컵","1000"
"215","농심)튀김우동큰사발","1250"
"216","청정)돈코츠향라멘(소컵)","1400"
"217","청정)쇼유라멘(소컵)","1400"
"218","오뚜기)진비빔면(봉지)","1150"
"219","오뚜기)순후추라면매운맛(대컵)","1800"
"220","오뚜기)후추라면사골곰탕(대컵)","1800"
"221","오뚜기)육개장(소컵)","950"
"222","오뚜기)게이머즈힐러고기짬뽕(용","2800"
"223","본고장)로제파스타(대컵)","3000"
"224","본고장)봉골레파스타(대컵)","3000"
"225","농심)신라면볶음면큰사발","1600"
"226","유어스(P)NEW공화춘자장(대컵)","1550"
"227","해표)김이봉10G","1000"
"228","오리온)오그래놀라카카오미니12G","400"
"229","오리온)오그래놀라초코고래밥30G","800"
"230","동서)단백질바50G","1700"
"231","동서)오곡코코볼바25G","1200"
"232","동서)콘푸라이트베리요거트바27G","1200"
"233","삼양)까르보불닭떡볶이179G","3000"
"234","삼양)불닭떡볶이185G","3000"
"235","켈로그)베리앤넛에너지바1400","1400"
"236","켈로그)프로틴바30G","1400"
"237","켈로그)크런치넛에너지바1200","1200"
"238","동원)양반명품김자반50G","3900"
"239","동원)양반김(들기름김)5G","600"
"240","동원)양반전통김17G","1500"
"241","동원)양반도가니설렁탕460G","6500"
"242","동원)양반수라진순대국460G","6500"
"243","동원)양반왕갈비탕460G","6500"
"244","동원)양반우거지감자탕460G","6500"
"245","동원)양반차돌된장찌개460G","6500"
"246","동원)양반소고기미역국460G","4500"
"247","동원)양반쇠고기큰죽404G","4500"
"248","동원)양반야채큰죽404G","4500"
"249","동원)양반전복큰죽404G","4500"
"250","동원)양반차돌육개장460G","4500"
"251","동원)단백질바오리지널30G","1800"
"252","동원)단백질바초코로핀30G","1800"
"253","유어스)동파육200G","5900"
"254","유어스)장충동불족발180G","5900"
"255","오뚜기)사골곰탕500G","1900"
"256","오뚜기)남도식한우미역국500G","5900"
"257","오뚜기)안동식쇠고기국밥500G","5900"
"258","오뚜기)대구식쇠고기육개장500G","6500"
"259","오뚜기)마포식차돌된장찌개500G","6500"
"260","오뚜기)LA갈비덮밥(컵밥)","4500"
"261","오뚜기)김치참치덮밥(컵밥)","4500"
"262","오뚜기)된장짜글이밥310G(컵밥)","4500"
"263","오뚜기)매콤낙지덮밥(컵밥)","4500"
"264","오뚜기)소시지카레덮밥(컵밥)","4500"
"265","오뚜기)쇠고기미역국밥(컵밥)","3900"
"266","오뚜기)수원식갈비탕밥311G(컵밥","4500"
"267","오뚜기)제육덮밥(컵밥)","4500"
"268","오뚜기)중화XO게살덮밥(컵밥)","4500"
"269","오뚜기)중화팔보채덮밥(컵밥)","4500"
"270","오뚜기)차돌강된장보리밥(컵밥)","4500"
"271","오뚜기)참치마요덮밥(컵밥)","4500"
"272","오뚜기)톡톡김치알밥(컵밥)","4500"
"273","오뚜기)발아흑미밥210G","2400"
"274","오뚜기)오곡밥210G","2400"
"275","오뚜기)밥210G(6입)","9500"
"276","오뚜기)오뚜기큰밥300G","2600"
"277","오뚜기)오뚜기밥210G","1850"
"278","반찬단지)간장고추120G","3500"
"279","반찬단지)마늘쫑무침120G","3500"
"280","반찬단지)명이나물120G","3500"
"281","반찬단지)간장알마늘120G","2500"
"282","반찬단지)깻잎무침120G","2500"
"283","반찬단지)무말랭이무침120G","2500"
"284","CJ)햇반210G(8입)","12900"
"285","CJ)햇반(원형)210G","1950"
"286","CJ)비비고갈비탕400G","6500"
"287","CJ)비비고돼지고기김치찌개460G","6500"
"288","CJ)비비고스팸부대찌개460G","6500"
"289","CJ)비비고차돌된장찌개460G","6500"
"290","CJ)비비고소고기무국500G","4800"
"291","CJ)비비고소고기미역국500G","4800"
"292","CJ)비비고육개장500G","4800"
"293","CJ)비비고콩나물황태국500G","4800"
"294","CJ)BIG김치날치알밥(컵밥)","5400"
"295","CJ)BIG스팸김치덮밥(컵밥)","5400"
"296","CJ)BIG스팸마요덮밥(컵밥)","5400"
"297","CJ)BIG치킨마요덮밥(컵밥)","5400"
"298","CJ)햇반미역국밥(컵밥)","4200"
"299","CJ)햇반사골곰탕국밥(컵밥)","4200"
"300","CJ)햇반육개장국밥(컵밥)","4200"
"301","CJ)햇반황태국밥(컵밥)","4200"
"302","CJ)스팸김치덮밥(컵밥)","4800"
"303","CJ)햇반간장계란덮밥(컵밥)","4800"
"304","CJ)햇반강된장보리비빔밥(컵밥)","4800"
"305","CJ)햇반김치날치알밥(컵밥)","4800"
"306","CJ)햇반낙지콩나물비빔밥(컵밥)","4800"
"307","CJ)햇반버터장조림비빔밥","4800"
"308","CJ)햇반불고기덮밥(컵밥)","4800"
"309","CJ)햇반불닭마요덮밥(컵밥)","4800"
"310","CJ)햇반설렁탕밥(컵밥)","4800"
"311","CJ)햇반스팸마요덮밥(컵밥)","4800"
"312","CJ)햇반제육덮밥(컵밥)","4800"
"313","CJ)햇반참치마요덮밥(컵밥)","4800"
"314","CJ)햇반치킨마요덮밥(컵밥)","4800"
"315","CJ)햇반(발아현미밥)210G","2600"
"316","CJ)햇반(오곡밥)210G","2600"
"317","CJ)햇반(찰잡곡밥)210G","2600"
"318","CJ)햇반(흑미밥)210G","2600"
"319","CJ)햇반매일잡곡밥210G","2600"
"320","CJ)햇반200G(3입)","5300"
"321","CJ)큰햇반300G","2700"
"322","CJ)카놀라유500ML","4800"
"323","CJ)올리브유500ML","9500"
"324","CJ)포도씨유500ML","7200"
"325","해찬들)재래식된장500G[D2]","4000"
"326","해찬들)사계절쌈장500G[D2]","4000"
"327","해찬들)태양초골드고추장500G","9000"
"328","오뚜기)스파게티소스까르보360G","6500"
"329","오뚜기)스파게티소스토마토600G","6500"
"330","오뚜기)스파게티소스(미트)400G","4800"
"331","유어스)소고기미역국500G","4500"
"332","유어스)시원한황태해장국500G","4500"
"333","유어스)얼큰한육개장500G","4500"
"334","샘표)유자폰즈딥소스270ML","6200"
"335","샘표)청양초칠리딥소스270ML","6200"
"336","폰타나)머쉬룸크림수프180G","3800"
"337","폰타나)스위트콘크림수프180G","3800"
"338","폰타나)포테이토치즈수프180G","3800"
"339","머거본)새우몬드30G","2300"
"340","머거본)칼몬드35G","2300"
"341","머거본)후렌치후라이드아몬드40G","2000"
"342","머거본)초코츄러스아몬드25G","1200"
"343","머거본)군옥수수맛아몬드30G","1400"
"344","머거본)와사비맛아몬드30G","1400"
"345","머거본)허니버터아몬드30G","1400"
"346","코주부)블랙트러플오일육포40G","4500"
"347","코주부)의성마늘육포40G","3800"
"348","코주부)해남고구마육포40G","3800"
"349","유동)왕꼬막230G","5900"
"350","유동)번데기가미130G","2200"
"351","삼립)치킨BBQ쟈키(스파이시)","2000"
"352","삼립)치킨BBQ쟈키(오리지날)","2000"
"353","삼립)육식본능BBQ육포","4800"
"354","삼립)육식본능BBQ육포(매콤칠리)","4800"
"355","롯데)퀘이커오트밀(그레인)","2000"
"356","롯데)퀘이커오트밀(딸기)","2000"
"357","롯데)퀘이커오트밀(서리태)","2000"
"358","롯데)퀘이커오트밀(우리쌀)","2000"
"359","롯데)퀘이커오트밀(찰옥수수)","2000"
"360","사조)365육포30G(구운)","3800"
"361","사조)365육포30G(숯불바베큐)","3800"
"362","사조)365육포30G(오리지널)","3800"
"363","동원)양반돼지고기장조림270G","3900"
"364","동원)양반메추리알장조림270G","3900"
"365","동원)번데기130G","2200"
"366","돌)파인애플432G","3000"
"367","동원)리챔340G","6800"
"368","동원)리챔120G","3500"
"369","동원)고추참치150G","4000"
"370","동원)야채참치150G","4000"
"371","동원)참치크래커(고소한맛)","4000"
"372","정화)오징어는땅콩을(대)51G","5300"
"373","샘표)우리엄마명태채볶음50G[D2]","4000"
"374","샘표)우리엄마깻잎(매콤한맛)","3300"
"375","샘표)질러빠다콘쓰30G","4200"
"376","샘표)질러직화육포45G","5800"
"377","샘표)질러부드러운우육포30G","4000"
"378","정화)석쇠구이오징어볶음땅콩60G","6500"
"379","정화)버터왕오징어구이50G","5500"
"380","정화)일품오징어70G","6300"
"381","CJ)맛밤80G","3500"
"382","오뚜기)아임스틱딸기쨈(10입)","5000"
"383","동원)상상육포40G(비프앤치즈)","5500"
"384","동원)상상육포40G(스테이크)","5500"
"385","동원)상상육포40G(안심)","5500"
"386","네스카페)부드러운모카20입","3900"
"387","네슬레)네스퀵초코20입","4750"
"388","수프리모)스위트아메리카노컵[D2","1000"
"389","네슬레)네스티복숭아(20입)","5900"
"390","네슬레)네스티자몽(20입)","5900"
"391","대명)조이웰백도병345G[D2]","3500"
"392","대명)조이웰황도병345G[D2]","3500"
"393","신화)대왕오징어다리50G","5900"
"394","신화)실속구운쥐치포","5500"
"395","웰그린)더치아메리카노원컵","1300"
"396","웰그린)헤이즐넛향액상원컵","1200"
"397","대상)레드페퍼매콤고추30G","3500"
"398","대상)치즈촘촘툼바치즈30G","3500"
"399","홍선)고소한참기름육포20G","2500"
"400","홍선)바베큐직화육포30G","2500"
"401","아라움)오징어몸통스틱35G","4000"
"402","아라움)오징어몸통스틱와사비맛","4000"
"403","아라움)바삭한천하장사30G","3500"
"404","한성)일품도톰육포45G","5000"
"405","한성)일품쇠고기견과포35G","5000"
"406","테라)부드럽게구운새우25G","5200"
"407","테라)오리지날구운새우25G","5200"
"408","CJ)스팸120G","3500"
"409","CJ)스팸340G","7500"
"410","CJ)스팸200G","5500"
"411","CJ)스팸25%라이트200G","5500"
"412","길림)군옥수수맛아몬드40G","2000"
"413","길림)김맛아몬드40G","2000"
"414","길림)마늘빵아몬드40G","2000"
"415","길림)와사비맛아몬드40G","2000"
"416","길림)청양마요아몬드40G","2000"
"417","길림)카라멜솔티드아몬드40G","2000"
"418","길림)허니버터아몬드40G","2000"
"419","GS)새우스프링롤스낵50G","2200"
"420","랩노쉬)리얼그레인50G","2500"
"421","랩노쉬)쿠키쇼콜라50G","2500"
"422","세아)리얼다크캐슈넛40G","2500"
"423","세아)체다치즈캐슈넛","2500"
"424","티젠)에너지티10입[D2]","7500"
"425","티젠)자몽쏙10입","7500"
"426","티젠)콤부차10입[D2]","7500"
"427","로아카)라즈베리요거트1500","1500"
"428","로아카)밀크웨하스1500","1500"
"429","로아카)바닐라웨하스1500","1500"
"430","로아카)카카오웨하스1500","1500"
"431","하늘)스위스알파인호두케익75G","2500"
"432","농심)감튀레드칠리맛60G","1500"
"433","농심)꿀꽈배기1500","1500"
"434","농심)닭다리1500","1500"
"435","농심)옥수수깡70G","1500"
"436","농심)포테토칩곱창이핫해1500","1500"
"437","농심)닭다리너겟2700","2700"
"438","해태)에이스121G","1700"
"439","해태)에이스뉴욕치즈케이크121G","1700"
"440","해태)구운감자900","900"
"441","해태)구운고구마900","900"
"442","해태)맛동산2000","2000"
"443","해태)맛동산블랙90G","2000"
"444","해태)칸츄리콘(초코범벅)75G","1500"
"445","해태)칸츄리콘(콘버터맛)90G","1500"
"446","해태)허니버터칩프로마쥬블랑60G","1500"
"447","해태)무지방우유홈런볼46G","1700"
"448","해태)초코홈런볼46G","1700"
"449","삼양)별뽀빠이800","800"
"450","삼양)불닭라면스낵800","800"
"451","오리온)미니미나초(칠리치즈)","1000"
"452","오리온)치즈뿌린치킨팝1000","1000"
"453","오리온)치킨팝(닭강정)1000","1000"
"454","Y)스윙칩X다운타우너감자칩","1500"
"455","오리온)마켓오오징어톡80G","1500"
"456","오리온)고추칩53G","1200"
"457","오리온)오뜨쇼콜라150G","3000"
"458","오리온)오뜨치즈150G","3000"
"459","동서)골든그래놀라밀크바1200","1200"
"460","동서)콘푸라이트밀크바1200","1200"
"461","동서)리츠레몬샌드1900","1900"
"462","리츠샌드위치크래커1900","1900"
"463","오레오)웨하스스틱초코2500","2500"
"464","동서)오레오초코크림100G","1700"
"465","동서)오레오화이트크림100G","1700"
"466","오레오)씬즈초코무스84G","1700"
"467","에이스)맥콜보리과자90G","1500"
"468","에이스)봉평메밀소바칩45G","1500"
"469","에이스)서울시스터즈김치스낵90G","1500"
"470","보노미)페스튜리2000","2000"
"471","크라운)초코렐라66G","1300"
"472","크라운)초코하임3300","3300"
"473","크라운)화이트하임3300","3300"
"474","크라운)미니츄러스초코50G","900"
"475","크라운)죠리퐁마시멜로900","900"
"476","크라운)카라멜&땅콩1200","1200"
"477","크라운)콘치즈1200","1200"
"478","크라운)못말리는신짱1500","1500"
"479","크라운)뽀또치즈1500","1500"
"480","크라운)카라멜콘메이플1500","1500"
"481","롯데)쌀로별1500","1500"
"482","롯데)빠다코코낫1500","1500"
"483","롯데)제크오리지널1500","1500"
"484","롯데)오잉1500","1500"
"485","롯데)오잉불짬뽕맛70G","1500"
"486","롯데)오잉포차꾸잉칩60G","1500"
"487","롯데)에어베이크드쎈그레인55G","1500"
"488","롯데)에어베이크드케틀칩50G","1500"
"489","롯데)에어베이크드포테이토50G","1500"
"490","롯데)도리토스(갈비천왕)1500","1500"
"491","롯데)도리토스(나쵸치즈맛)1500","1500"
"492","롯데)도리토스양념치킨맛84G","1500"
"493","롯데)치토스(매콤달콤)1500","1500"
"494","롯데)치토스스모키바베큐1500","1500"
"495","롯데)꼬깔콘(매콤달콤)1500","1500"
"496","롯데)꼬깔콘고소한맛1500","1500"
"497","롯데)꼬깔콘군옥수수1500","1500"
"498","롯데)꼬깔콘찰옥수수맛72G","1500"
"499","롯데)쌀로별뻥쿠아즈인절미32G","1000"
"500","롯데)쁘띠몽쉘샤인머스켓216G","3800"
"501","롯데)까망칸쵸바닐라47G","1000"
"502","롯데)칸쵸1000","1000"
"503","롯데)몬스터칙촉(쇼콜라)1200","1200"
"504","롯데)몬스터칙촉(쿠키앤크림)40G","1200"
"505","롯데)칙촉브라우니1200","1200"
"506","훼밀리)체리쉬망고푸딩1200","1200"
"507","훼밀리)체리쉬파인애플푸딩1200","1200"
"508","에이스)라인초코크런치1000","1000"
"509","유어스(P)야쿠르트젤리1500","1500"
"510","호올스)블리스터라즈베리","1000"
"511","HAO)밀크츄딸기맛1500","1500"
"512","HAO)밀크츄옥수수맛1500","1500"
"513","흥선)아이스붐딸기맛1500","1500"
"514","흥선)아이스붐레몬맛1500","1500"
"515","흥선)아이스붐복숭아맛1500","1500"
"516","흥선)아이스붐자몽맛1500","1500"
"517","크라운)새콤달콤(딸기)500","500"
"518","크라운)새콤달콤(레모네이드)500","500"
"519","크라운)새콤달콤(복숭아)500","500"
"520","크라운)새콤달콤(포도)500","500"
"521","크라운)새콤달콤블루베리소다500","500"
"522","크라운)새콤달콤수박500","500"
"523","크라운)고단백질초코바1500","1500"
"524","크라운)마이쮸딸기1500","1500"
"525","크라운)마이쮸포도1500","1500"
"526","씨믹스)피자콜라구미세트3900","3900"
"527","씨믹스)계란후라이젤리2000","2000"
"528","미성)팔머스포츠볼초콜릿1500","1500"
"529","이멕스)스폰지밥캔디1500","1500"
"530","엠탑)아침에주스사과젤리1500","1500"
"531","엠탑)아침에주스포도젤리1500","1500"
"532","더스윗)짜먹는칫솔캔디(딸기)","2000"
"533","더스윗)짜먹는칫솔캔디(레몬)","2000"
"534","흥선)우주캔디1200","1200"
"535","오리온)닥터유구미비타민1500","1500"
"536","오리온)닥터유구미아연1500","1500"
"537","오리온)닥터유구미콜라겐1500","1500"
"538","오리온)찡어젤리1500","1500"
"539","오리온)폭신멜로상큼딸기1500","1500"
"540","허쉬)아이스브레이커듀오딸기","3500"
"541","허쉬)아이스브레이커듀오포도","3500"
"542","허쉬)아이스브레이커수박3500","3500"
"543","허쉬)아이스브레이커쿨민트3500","3500"
"544","허쉬)밀크초콜릿1500[D2]","1500"
"545","허쉬)아몬드초콜릿1500[D2]","1500"
"546","허쉬)쿠키앤초코초콜릿1500[D2]","1500"
"547","허쉬)쿠키앤크림초콜릿1500[D2]","1500"
"548","허쉬)밀크초콜릿미니600[D2]","600"
"549","허쉬)쿠앤크초콜릿미니600[D2]","600"
"550","롯데)키세스밀크2000[D2]","2000"
"551","롯데)키세스아몬드2000[D2]","2000"
"552","롯데)키세스쿠키앤크림2000[D2]","2000"
"553","롯데)크런키민초볼1500","1500"
"554","롯데)크런키오땅볼1500","1500"
"555","롯데)크런키카쿠볼1500","1500"
"556","롯데)ABC초코2000[D2]","2000"
"557","롯데)드림카카오56%[D2]","3000"
"558","롯데)가나초코바땅콩1000","1000"
"559","롯데)가나초코바아몬드1000","1000"
"560","롯데)크런키초콜릿1000","1000"
"561","롯데)핵짱셔요콜라1000","1000"
"562","롯데)핵짱셔요후르츠1000","1000"
"563","롯데)초코말랑젤리딸기맛2000","2000"
"564","롯데)초코말랑젤리사과맛2000","2000"
"565","롯데)목캔디1000","1000"
"566","롯데)목캔디믹스베리1000","1000"
"567","롯데)왓따딸기500","500"
"568","롯데)왓따복숭아500","500"
"569","롯데)왓따청포도500","500"
"570","롯데)왓따콜라500","500"
"571","롯데)왓따판박이(잔망루피)500","500"
"572","해태)연양갱900","900"
"573","해태)자유시간골드1000","1000"
"574","해태)자유시간아몬드1000","1000"
"575","일신)바주카레틀러즈1000","1000"
"576","리콜라)레몬민트1500","1500"
"577","리콜라)크랜베리1500","1500"
"578","하리보)골드바렌300","300"
"579","삼경)하리보메가룰렛1000","1000"
"580","삼경)하리보메가룰렛사우어1000","1000"
"581","삼경)하리보워터멜론1800","1800"
"582","삼경)하리보자몽1800","1800"
"583","삼경)하리보피코발라1800","1800"
"584","하리보)골드바렌1800","1800"
"585","하리보)골드바렌소프트과즙1800","1800"
"586","하리보)다이노스1800","1800"
"587","하리보)스타믹스1800","1800"
"588","하리보)워미스(지렁이)1800","1800"
"589","하리보)웜즈사우어1800","1800"
"590","하리보)푸르티부시1800","1800"
"591","하리보)해피그레이프1800","1800"
"592","하리보)해피콜라1800","1800"
"593","하리보)해피콜라사우어1800","1800"
"594","크라운)땅콩카라멜2000","2000"
"595","위스트)알리바이다크맥스1000","1000"
"596","네슬레)프루팁스오리지널1000","1000"
"597","네슬레)프루팁스자몽맛1000","1000"
"598","네슬레)프루팁스미니2200","2200"
"599","네슬레)킷캣오리지널800","800"
"600","네슬레)킷캣쿠키크럼블800","800"
"601","네슬레)킷캣헤이즐넛800","800"
"602","서울우유)초콜릿우유아이스크림","9800"
"603","서울우유)흰우유아이스크림","9800"
"604","벤앤)도우낫워리비해피120ML","4600"
"605","벤앤)체리가르시아미니컵120ML","4600"
"606","벤앤)초콜릿칩쿠키도우미니컵120","4600"
"607","벤앤)쿠키카니발미니컵120ML","4600"
"608","벤앤)퍼지브라우니미니컵120ML","4600"
"609","벤앤)민트초콜릿쿠키파인트473ML","11600"
"610","벤앤)바닐라파인트473ML","11600"
"611","벤앤)청키몽키파인트473ML","11600"
"612","벤앤)체리가르시아파인트473ML","11600"
"613","벤앤)초콜릿칩쿠키도우파인트473","11600"
"614","벤앤)커피버즈파인트473ML","11600"
"615","벤앤)퍼지브라우니파인트473ML","11600"
"616","벤앤)하프베이크드473ML","11600"
"617","진주)천하장사BIG70G","2000"
"618","진주)천하장사50G","1600"
"619","동원)더킹크랩스(볼케이노)70G","1900"
"620","동원)극한직화후랑크70G","2200"
"621","동원)더킹씬크랩스80G","2200"
"622","한성)크래미90G","2200"
"623","한성)몬스터크랩72G","1800"
"624","롯데)에센뽀득프랑크70G","1800"
"625","롯데)의성마늘후랑크70G","1800"
"626","유어스)반해바120G","3000"
"627","롯데)키스틱55G","1600"
"628","하림)닭가슴살블랙페퍼110G","2900"
"629","대림)비엔나에꼬치다90G","2200"
"630","대림)스노우크랩킹70G","1600"
"631","CJ)모닝두부(클래식)","1700"
"632","CJ)삼호어묵얼큰오뎅한그릇360G","2900"
"633","CJ)삼호어묵오뎅한그릇360G","2900"
"634","CJ)맥스봉치즈70G","2000"
"635","CJ)닭가슴살스테이크100G","2900"
"636","CJ)닭가슴살소시지80G","2000"
"637","CJ)맥스봉청양고추후랑크80G","2000"
"638","CJ)직화구이꼬치바(청양)90G","2000"
"639","CJ)직화구이꼬치바90G","2000"
"640","네츄럴코어)치킨&연어200G","3900"
"641","ZK)휴대용수건","2900"
"642","에너자이저9V1입","5000"
"643","에너자이저D2입","6900"
"644","에너자이저C2입","5600"
"645","에너자이저맥스플러스AA4입","7300"
"646","에너자이저맥스플러스AAA4입","7300"
"647","에너자이저맥스플러스AA2입","3950"
"648","에너자이저맥스플러스AAA2입","3950"
"649","에너자이저맥스AA10입","9800"
"650","에너자이저맥스AAA10입","9800"
"651","에너자이저맥스AA6+2입","8300"
"652","에너자이저맥스AAA6+2입","8300"
"653","에너자이저맥스AA4입","6100"
"654","에너자이저맥스AAA4입","6100"
"655","에너자이저맥스AA2입","3200"
"656","에너자이저맥스AAA2입","3200"
"657","에너자이저코인A764입","3600"
"658","에너자이저리튬CR20164입","6500"
"659","에너자이저리튬CR20254입","6500"
"660","에너자이저리튬CR20324입","6500"
"661","동물농장)치킨말이치즈50G","4900"
"662","동물농장)닭가슴살소프트45G","3700"
"663","동물농장)프로바이오틱껌블루베","3500"
"664","동물농장)프로바이오틱크렌베리","3500"
"665","동물농장)캣소프트져키닭가슴살","3500"
"666","동물농장)캣스틱닭가슴살&연어","3500"
"667","동물농장)캣스틱닭가슴살&참치","3500"
"668","동원)뉴트리플랜흰살참치와멸치","1500"
"669","동원)뉴트리플랜흰살참치와치즈","1500"
"670","동원)애묘캔-흰살참치와닭가슴살","1500"
"671","동원)애묘파우치(참치와연어)80G","1500"
"672","유어스)동물농장애묘습식(멸치)","1500"
"673","유어스)동물농장애묘습식(참치)","1500"
"674","프리스키)파티믹스비치(60G)","4500"
"675","프리스키)파티믹스클래식(60G)","4500"
"676","오늘의)닭다리340G","7500"
"677","오늘의)반마리치킨400G","6900"
"678","오늘의)직화로구운불닭봉250G","7500"
"679","홍진경)더만두김치만두","2900"
"680","홍진경)더만두매운맛","2900"
"681","홍진경)더만두순한맛","2900"
"682","롯데)빅핫도그140G","2400"
"683","대상)사천깐풍소스뿌렸닭200G","5900"
"684","대상)양념치킨소스뿌렸닭200G","5900"
"685","대상)안주야직화무뼈닭발160G","8900"
"686","대상)안주야직화불막창160G","8900"
"687","하림)모짜렐라치즈볼140G","5900"
"688","하림)간장닭강정250G","6000"
"689","하림)매콤닭강정250G","6000"
"690","CJ)비비고김치200G","2700"
"691","CJ)비비고썰은배추김치100G","1500"
"692","CJ)비비고김치볶음80G","1400"
"693","CJ)비비고썰은배추김치60G","1000"
"694","CJ)워터젤리복숭아170ML","1800"
"695","CJ)워터젤리포도170ML","1800"
"696","CJ)쁘띠첼밀감160G","2000"
"697","CJ)쁘띠첼복숭아160G","2000"
"698","CJ)쁘띠첼포도160G","2000"
"699","CJ)비비고김치왕교자385G","4800"
"700","CJ)비비고매운왕교자315G","4800"
"701","CJ)비비고새우왕교자315G","4800"
"702","CJ)비비고왕교자420G","4800"
"703","CJ)숯불향닭강정200G","4800"
"704","CJ)숯불향바베큐바280G","4800"
"705","CJ)비비고수제만두고기200G","3500"
"706","CJ)비비고수제만두김치200G","3500"
"707","오뚜기)직화닭발150G","8900"
"708","오뚜기)새우볶음밥230G","3500"
"709","오뚜기)참치김치치즈볶음밥230G","3900"
"710","오뚜기)철판감자탕볶음밥230G","3900"
"711","오뚜기)컵피자콤비네이션","3800"
"712","오뚜기)불고기피자UNO180G","5500"
"713","오뚜기)콤비네이션피자UNO195G","5500"
"714","오뚜기)딤섬새우슈마이135G","3000"
"715","CJ)비비고베이컨김치볶음70G","1600"
"716","오늘의)쫄깃한편육200G","6400"
"717","쿠캣)딸기쏙우유찹쌀떡2입","2900"
"718","대광)땡초간장직화막창180G","7900"
"719","대림)한입피자고르곤졸라80G","1900"
"720","대림)한입피자콤비네이션80G","1900"
"721","종가집)맛김치130G","2000"
"722","대상)종가집마늘듬뿍김치80G","1500"
"723","대상)종가집핵매운김치70G","1500"
"724","CJ)가쓰오우동(용기)","3500"
"725","CJ)미정당쫄면볶이212G","3500"
"726","CJ)비엔나떡볶이300G","3200"
"727","CJ)얼큰우동221G","3500"
"728","사세)버팔로윙봉220G","5900"
"729","해태)고향만두415G","4500"
"730","순수향)한입갈비만두180G","2800"
"731","아워홈)사천짜볶이300G","3400"
"732","유어스)차돌떡볶이290G","3400"
"733","반찬단지)오징어젓120G","3500"
"734","반찬단지)낙지젓120G","4500"
"735","온)리틀어피치레드플럼핑립밤","6900"
"736","온)리틀어피치핑크립립밤4.1G(Y2","5900"
"737","온)리틀라이언모이스처립밤4.1G(","5900"
"738","온)니니즈치얼업조르디틴티드","3900"
"739","포인트)올인원클렌징티슈20P","2700"
"740","해피)어성초모공클렌징폼200G","4500"
"741","댄트롤)딥클린박하솔트샴푸180ML","6000"
"742","려)함빛극손상케어샴푸400ML","12500"
"743","뉴트로지나)딥클린포밍클렌100G","8900"
"744","뉴트로지나)아크네포밍클렌저100","10400"
"745","C&C훼이셜포밍클렌져150","9700"
"746","존슨즈베이비핑크로션100ML","6000"
"747","니베아)인텐시브바디로션125ML","5500"
"748","니베아)립케어스트로베리","4100"
"749","니베아)립케어체리","4100"
"750","니베아)립케어포맨","4100"
"751","니베아립케어망고샤인4.8G","4100"
"752","니베아)데오롤온드라이미니25ML","4500"
"753","니베아)데오드란트딥롤온50ML","9000"
"754","니베아)엑스트라화이트롤온50ML","9000"
"755","니베아)데오드란트60ML(드라이)","7500"
"756","C&C)딥액션폼클렌져120G","9500"
"757","템포레귤라10입","6200"
"758","템포슈퍼10입","6200"
"759","페브리즈에어)라벤더향275G","8200"
"760","페브리즈에어)맑은하늘바람275G","8200"
"761","페브리즈에어)비내린초원275G","8200"
"762","라엘)유기농중형4P","3200"
"763","라엘)유기농순면커버중형14P","8500"
"764","가그린)오리지널380ML","4900"
"765","가그린)제로380ML","4900"
"766","가그린)오리지널100ML","1900"
"767","가그린)제로100ML","1900"
"768","리스테린)그린티250ML","5000"
"769","리스테린)쿨민트100ML","2100"
"770","리스테린)쿨민트250ML","4300"
"771","페리오휴대용치약칫솔세트","3500"
"772","페리오)덴탈쿨링마우스스프레이","3500"
"773","LIF)옥수수밀크180ML","1100"
"774","파)쾌변(골드키위)150ML","1700"
"775","파)쾌변요구르트(사과)150ML","1700"
"776","제니코)스모크스트링치즈","1400"
"777","제니코)스트링치즈24G","1400"
"778","제니코)저지방스트링치즈24G","1400"
"779","빙그레)스페셜티컵마끼아또300ML","2500"
"780","빙그레)스페셜티컵바닐라라떼300","2500"
"781","빙그레)스페셜티에티오피아460ML","2500"
"782","빙그레)스페셜티탄자니아460ML","2500"
"783","빙그레)아이스티레몬300ML","1000"
"784","빙그레)아이스티복숭아300ML","1000"
"785","빙그레)요플레토핑다크초코","1500"
"786","빙그레)요플레토핑프레첼&초코","1500"
"787","빙그레)단지우유한정판240ML","1400"
"788","빙그레)밀크티맛우유240ML","1400"
"789","유어스)오늘의과일야채포도190ML","1200"
"790","유어스)오늘의과일야채ABC190ML","1200"
"791","유어스)오늘의과일야채사과190ML","1200"
"792","빙그레)통모짜스트링치즈18G","1200"
"793","빙그레)쥬시쿨금귤감귤250ML","1500"
"794","빙그레)쥬시쿨에이드사과250ML","1500"
"795","빙그레)프로틴딸기바나나210ML","2900"
"796","빙그레)프로틴플레인210ML","2900"
"797","서울)아침에주스오렌지210ML","1200"
"798","서울)아침에주스포도210ML","1200"
"799","서울)과즙이풍부한딸기우유220ML","2000"
"800","서울)과즙이풍부한애플망고우유","2000"
"801","서울)너티초코우유300ML","1500"
"802","서울)딸기우유300ML","1500"
"803","서울)민트초코라떼300ML","1500"
"804","서울)바나나우유300ML","1500"
"805","서울)살롱밀크티300ML","1500"
"806","서울)초코우유300ML","1500"
"807","서울)커피우유300ML","1500"
"808","풀무원)잇츠프로틴디카페라떼260","2500"
"809","풀무원)잇츠프로틴초코260ML","2500"
"810","맥심)TOP로스티라떼360ML","2400"
"811","맥심)TOP로스티블랙360ML","2400"
"812","맥심TOP)스위트아메리카노240ML","1800"
"813","맥심)TOP심플리스무스라떼240ML","1800"
"814","맥심TOP)심플리스무스블랙240ML","1800"
"815","맥심)TOP너티카라멜라떼300ML","2200"
"816","맥심)TOP마일드라떼300ML(컵)","2200"
"817","맥심)TOP볼드라떼300ML(컵)","2200"
"818","맥심)TOP에스프레소라떼300ML","2200"
"819","맥심)TOP트루블랙300ML(컵)","2200"
"820","에치와이)핫브루마카다미아모카","2500"
"821","에치와이)핫브루바닐라라떼270","2500"
"822","에치와이)콜드브루아메리카노270","2000"
"823","덴마크)오리진돌체라떼250ML","2000"
"824","덴마크)오리진카페라떼250ML","2000"
"825","덴마크)오리진토피넛라떼250ML","2000"
"826","브레디크)무항생제인증우유450ML","1800"
"827","덴마크)덴마크954(구오사)140ML","1800"
"828","덴마크)로얄밀크티250ML","2000"
"829","덴마크)요거밀왕초코링134G","1500"
"830","덴마크)요거밀카카오그래놀라132","1500"
"831","덴마크)얼라이브망고250ML","1500"
"832","덴마크)얼라이브머스캣청포도250","1500"
"833","덴마크)얼라이브블러드오렌지250","1500"
"834","덴마크)얼라이브스위티자몽250ML","1500"
"835","덴마크)슈레드피자치즈25G","1000"
"836","덴마크)인포켓치즈20G","1300"
"837","덴마크)인포켓치즈라이트20G","1300"
"838","덴마크)딸기딸기우유300ML","1500"
"839","덴마크)초코초코우유300ML","1500"
"840","덴마크)커피커피우유300ML","1500"
"841","덴마크)요구르트딸기310ML","2000"
"842","덴마크)요구르트베리믹스310ML","2000"
"843","덴마크)요구르트복숭아310ML","2000"
"844","덴마크)요구르트사과310ML","2000"
"845","덴마크)요구르트청포도310ML","2000"
"846","덴마크)요구르트파인애플310ML","2000"
"847","덴마크)요구르트푸룬310ML","2000"
"848","덴마크)요구르트플레인310ML","2000"
"849","덴마크)커핑로드모카라떼300ML","2500"
"850","덴마크)커핑로드카페봉봉300ML","2500"
"851","유어스)강릉초당순두부우유300ML","2500"
"852","유어스)타이거슈가흑당밀크티300","2500"
"853","유어스)타이거슈가흑당카페라떼","2500"
"854","덴마크)콩카페연유라떼250ML","2000"
"855","덴마크)콩카페코코넛라떼250ML","2000"
"856","덴마크)콩카페코코넛카카오250ML","2000"
"857","델몬트)콜드쥬스오렌지250ML","1400"
"858","델몬트)콜드쥬스포도250ML","1400"
"859","콜드비타민플러스오렌지240ML","1400"
"860","콜드비타민플러스포도240ML","1400"
"861","롯데)오가닉레드비트&배&토마토","1400"
"862","롯데)오가닉사과&당근125ML","1400"
"863","롯데)오가닉적포도&보라당근","1400"
"864","매일)상하미니칼슘체다치즈48G","2000"
"865","매일)상하미니크림치즈48G","2000"
"866","매일)아몬드브리즈언스위트190ML","1000"
"867","매일)아몬드브리즈오리지널190ML","1000"
"868","매일)바이오드링킹딸기250ML","1800"
"869","매일)바이오드링킹블루베리250ML","1800"
"870","매일)바이오드링킹플레인250ML","1800"
"871","매일)과일야채샐러드그린190ML","1800"
"872","매일)과일야채샐러드녹황190ML","1800"
"873","매일)과일야채샐러드레드190ML","1800"
"874","매일)과일야채샐러드퍼플190ML","1800"
"875","매일)엔요280ML","1400"
"876","매일)바이오알로에요거트120G","1500"
"877","매일)바이오첵스초코122G","1500"
"878","매일)우유속에딸기과즙우유300ML","1500"
"879","매일)우유속에코코아300ML","1500"
"880","매일)커피속에모카치노300ML","1500"
"881","유어스)달고나라떼250ML","2000"
"882","매일)카페라떼마일드","1600"
"883","매일)카페라떼카라멜","1600"
"884","매일)바리스타로슈거에스프레소","2000"
"885","매일)바리스타모카프레소250ML","2000"
"886","매일)바리스타스모키250ML","2000"
"887","매일)바리스타에스프레소라떼250","2000"
"888","매일)바리스타카라멜프레소250ML","2000"
"889","다논)요거톡스타볼133G","1400"
"890","다논)요거톡초코그래놀라130G","1400"
"891","다논)액티비아업딸기210ML","1900"
"892","다논)액티비아업복숭아210ML","1900"
"893","다논)액티비아업플레인210ML","1900"
"894","담양올밀크)또요150G","1800"
"895","크리넥스)비말에어마스크1입","1100"
"896","순샘)자몽500ML","6900"
"897","애경)퍼펙트드럼1KG","6500"
"898","애경)NEW스파크1KG","4200"
"899","홈위드)수제초코쿠키","1500"
"900","홈위드)수제화이트쿠키","1500"
"901","스위디)카라멜푸딩(1입)","2000"
"902","스위디)커스타드푸딩(1입)","2000"
"903","라벨리)레드멜론빙수280ML","3000"
"904","라벨리)세부망고빙수280ML","3000"
"905","라벨리)인절미빙수280ML","3000"
"906","라벨리)팥빙수280ml","3000"
"907","롯데푸드)떠먹는돼지바300ML","3000"
"908","곰표)밀눈아이스크림콘150ML","2500"
"909","라베스트)갤러초코콘160ML","2500"
"910","라베스트)그릭요거콘160ML","2500"
"911","라베스트)리치치즈케이크콘","2500"
"912","라베스트)민트초코콘","2500"
"913","허쉬)라이트초코앤바닐라콘150ML","2500"
"914","허쉬)초코앤쿠키콘","2500"
"915","라벨리)OMG바닐라파르페325ML","2200"
"916","허쉬)초코바","2200"
"917","허쉬)초코크런치레몬바90ML","2200"
"918","허쉬)쿠키앤크림바","2200"
"919","허쉬)토피넛초코바","2200"
"920","라베스트)그릭요거트바85ML","2000"
"921","로투스)비스코프바90ML","2000"
"922","로투스)솔티드카라멜바90ML","2000"
"923","로투스)에스프레소마끼야또바","2000"
"924","빙)끌레도르쿠키앤크림바90ML","2000"
"925","빙그레)끌레도르쿠키앤초코90ML","2000"
"926","웅진)아침햇살흑임자콘150ML","2000"
"927","서주)카카오바90ML","1800"
"928","서주푸드)블랑에누아120ML","1800"
"929","유어스)크런키바딸기90ML","1800"
"930","디핀)팝앤샷더블소다","1500"
"931","디핀)팝앤샷더블포도","1500"
"932","서주푸드)롤링바90ML","1500"
"933","웅진)아침햇살아이스바80ML","1500"
"934","웅진)초록매실아이스바75ML","1500"
"935","유어스(P)요구르트딸기바80ML","1500"
"936","유어스)밀크카우바90ML","1500"
"937","유어스)밀크카우바딸기90ML","1500"
"938","라벨리)양갱바80ML","1200"
"939","롯데)빼빼로바크런키80ML","1200"
"940","롯데)앙꼬바녹차70ML","1200"
"941","해태)용암수아이스레몬120ML","1200"
"942","롯데푸드)돼지바블랙70ML","1000"
"943","롯데푸드)돼지바핑크70ML","1000"
"944","롯데푸드)초코퍼지크런치바70ML","1000"
"945","해태)둘둘바믹스베리요거트70ML","1000"
"946","해태)쌍쌍바67ML","1000"
"947","CAFE25)블랙500ML","2500"
"948","CAFE25)헤이즐넛500ML","2500"
"949","남양)초콜릿드링크초코에몽250ML","1300"
"950","남양)맛있는우유GT딸기300ML","1500"
"951","남양)맛있는우유GT초코300ML","1500"
"952","남양)맛있는우유GT커피300ML","1500"
"953","남양)FC로스터리브라질옐로돌체","2000"
"954","남양)FC로스터리블랙글레이즈드","2000"
"955","남양)FC로스터리에스프레소라떼","2000"
"956","남양)FC로스터리카라멜리치","2000"
"957","남양)프렌치카페(벨벳비엔나모카","1500"
"958","남양)프렌치카페(카페오레)","1500"
"959","남양)프렌치카페(카푸치노)","1500"
"960","남양)프렌치카페카라멜마키아또","1500"
"961","푸르밀)칼로바이곡물250ML","2500"
"962","푸르밀)칼로바이초코250ML","2500"
"963","푸르밀)설빙인절미라떼250ML","2300"
"964","푸르밀)설빙흑임자라떼250ML","2300"
